Year,Player,GP,Paint PTS,Paint PPG,Paint FGA,Paint FG%,Paint rFG%,Outside PPG, Outside GP,Outside PTS,Outside FGA,Outside eFG%,Outside reFG%,Midrange PPG,Midrange PTS,Midrange FGA,Midrange FG%,Midrange rFG%
2022,2022 Aaron Gordon,75,612,8.2,465,65.8,9.2,4.6,75,343,365,47,-3.2,1.1,82,109,37.6,-3
2022,2022 Aaron Henry,6,2,0.3,2,50,-6.6,0.0,6,0,3,0,-50.2,0,0,2,0,-40.6
2022,2022 Aaron Holiday,63,194,3.1,185,52.4,-4.2,2.3,63,147,153,48,-2.2,0.5,30,50,30,-10.6
2022,2022 Aaron Nesmith,52,66,1.3,51,64.7,8.1,2.1,52,109,131,41.6,-8.6,0.3,16,16,50,9.4
2022,2022 Aaron Wiggins,50,220,4.4,193,57,0.4,2.7,50,134,144,46.5,-3.7,0.2,8,7,57.1,16.5
2022,2022 Abdel Nader,14,16,1.1,21,38.1,-18.5,0.9,14,12,13,46.2,-4.1,0,0,0,0,0
2022,2022 Ade Murkey,1,0,0,0,0,0,0.0,1,0,0,0,0,0,0,0,0,0
2022,2022 Admiral Schofield,38,50,1.3,47,53.2,-3.4,2.2,38,84,80,52.5,2.3,0.2,6,3,100,59.4
2022,2022 Ahmad Caver,1,2,2,1,100,43.4,0.0,1,0,0,0,0,0,0,0,0,0
2022,2022 Al Horford,69,308,4.5,244,63.1,6.5,4.5,69,313,325,48.2,-2.1,0.7,46,60,38.3,-2.3
2022,2022 Alec Burks,81,196,2.4,251,39,-17.6,6.5,81,530,477,55.6,5.3,0.8,62,89,34.8,-5.8
2022,2022 Aleem Ford,5,8,1.6,5,80,23.4,1.2,5,6,15,20,-30.2,0,0,0,0,0
2022,2022 Alekesej Pokusevski,61,232,3.8,220,52.7,-3.9,3.2,61,197,236,41.7,-8.5,0.4,26,39,33.3,-7.3
2022,2022 Alex Caruso,41,108,2.6,110,49.1,-7.5,3.3,41,137,144,47.6,-2.6,0.3,14,21,33.3,-7.3
2022,2022 Alex Len,39,172,4.4,151,57,0.3,0.6,39,22,25,44,-6.2,0.1,4,4,50,9.4
2022,2022 Alfonzo McKinnie,17,26,1.5,25,52,-4.6,1.8,17,31,36,43.1,-7.2,0.2,4,9,22.2,-18.4
2022,2022 Alize Johnson,23,34,1.5,35,48.6,-8.1,0.0,23,0,3,0,-50.2,0,0,0,0,0
2022,2022 Alperen Sengun,72,432,6,391,55.2,-1.4,1.3,72,95,128,37.1,-13.1,0.1,8,17,23.5,-17.1
2022,2022 Amir Coffey,69,204,3,172,59.3,2.7,4.6,69,314,293,53.6,3.4,0.4,26,40,32.5,-8.1
2022,2022 Andre Drummond,73,490,6.7,421,58.2,1.6,0.1,73,4,10,20,-30.2,0.1,4,9,22.2,-18.4
2022,2022 Andre Iguodala,31,54,1.7,40,67.5,10.9,1.8,31,55,78,35.3,-15,0.1,4,8,25,-15.6
2022,2022 Andrew Wiggins,73,502,6.9,441,56.9,0.3,8.3,73,605,578,52.3,2.1,1.8,134,180,37.2,-3.4
2022,2022 Anfernee Simons,57,230,4,220,52.3,-4.4,11.5,57,655,575,57,6.7,2.1,118,135,43.7,3.1
2022,2022 Anthony Davis,40,570,14.3,430,66.3,9.7,4.6,40,183,265,34.5,-15.7,3.6,144,195,36.9,-3.7
2022,2022 Anthony Edwards,72,596,8.3,540,55.2,-1.4,9.9,72,716,703,50.9,0.7,1,74,105,35.2,-5.4
2022,2022 Anthony Gill,44,96,2.2,81,59.3,2.6,1.0,44,42,28,75,24.8,0,0,2,0,-40.6
2022,2022 Anthony Lamb,2,0,0,0,0,0,0.0,2,0,2,0,-50.2,0,0,0,0,0
2022,2022 Armoni Brooks,54,44,0.8,35,62.9,6.2,4.2,54,226,253,44.7,-5.5,0.1,4,5,40,-0.6
2022,2022 Arnoldas Kulboka,2,0,0,0,0,0,0.0,2,0,1,0,-50.2,0,0,0,0,0
2022,2022 Austin Reaves,61,164,2.7,123,66.7,10,3.0,61,181,192,47.1,-3.1,0.4,22,28,39.3,-1.4
2022,2022 Austin Rivers,67,134,2,114,58.8,2.1,3.5,67,237,236,50.2,0,0,0,5,0,-40.6
2022,2022 Avery Bradley,62,90,1.5,92,48.9,-7.7,4.6,62,287,258,55.6,5.4,0.7,44,49,44.9,4.3
2022,2022 Ayo Dosunmu,77,332,4.3,270,61.5,4.9,3.8,77,291,264,55.1,4.9,1.1,84,80,52.5,11.9
2022,2022 Bam Adebayo,56,728,13,604,60.3,3.6,1.5,56,84,123,34.1,-16.1,1.5,84,119,35.3,-5.4
2022,2022 Ben McLemore,64,82,1.3,68,60.3,3.7,7.8,64,499,469,53.2,3,0.8,52,56,46.4,5.8
2022,2022 Bismack Biyombo,36,168,4.7,139,60.4,3.8,0.1,36,4,6,33.3,-16.9,0.1,4,6,33.3,-7.3
2022,2022 BJ Johnson,4,4,1,7,28.6,-28.1,5.5,4,22,18,61.1,10.9,2.5,10,8,62.5,21.9
2022,2022 Blake Griffin,56,182,3.3,156,58.3,1.7,2.2,56,122,156,39.1,-11.1,0.1,8,12,33.3,-7.3
2022,2022 Boban Marjanovic,23,70,3,57,61.4,4.8,0.7,23,15,13,57.7,7.5,0.5,12,9,66.7,26
2022,2022 Bobby Portis,72,438,6.1,389,56.3,-0.3,7.3,72,529,480,55.1,4.9,1.8,130,146,44.5,3.9
2022,2022 Bogdan Bogdanovic,63,250,4,234,53.4,-3.2,9.6,63,602,557,54,3.8,1.6,98,101,48.5,7.9
2022,2022 Bojan Bogdanovic,69,448,6.5,401,55.9,-0.8,8.4,69,577,527,54.7,4.5,0.5,34,59,28.8,-11.8
2022,2022 Bol Bol,14,24,1.7,17,70.6,14,0.5,14,7,10,35,-15.2,0.3,4,6,33.3,-7.3
2022,2022 Bones Hyland,69,154,2.2,157,49,-7.6,6.3,69,437,412,53,2.8,0.6,44,56,39.3,-1.4
2022,2022 Brad Wanamaker,23,32,1.4,38,42.1,-14.5,1.2,23,28,38,36.8,-13.4,0.7,16,22,36.4,-4.3
2022,2022 Bradley Beal,40,412,10.3,396,52,-4.6,8.7,40,347,375,46.3,-3.9,4,158,165,47.9,7.2
2022,2022 Brandon Boston,51,126,2.5,136,46.3,-10.3,3.1,51,158,186,42.5,-7.7,1.1,56,78,35.9,-4.7
2022,2022 Brandon Clarke,64,548,8.6,408,67.2,10.5,0.5,64,33,39,42.3,-7.9,0.3,18,17,52.9,12.3
2022,2022 Brandon Goodwin,36,84,2.3,83,50.6,-6,1.8,36,63,69,45.7,-4.6,0.2,6,16,18.8,-21.9
2022,2022 Brandon Ingram,55,378,6.9,349,54.2,-2.5,10.9,55,599,631,47.5,-2.7,6.9,380,408,46.6,5.9
2022,2022 Brandon Knight,5,12,2.4,8,75,18.4,2.4,5,12,16,37.5,-12.7,0,0,0,0,0
2022,2022 Brandon Williams,24,120,5,139,43.2,-13.5,5.0,24,120,140,42.9,-7.4,1.3,30,38,39.5,-1.2
2022,2022 Braxton Key,11,54,4.9,44,61.4,4.7,1.6,11,18,28,32.1,-18.1,0,0,7,0,-40.6
2022,2022 Brodric Thomas,12,12,1,9,66.7,10,0.5,12,6,9,33.3,-16.9,0,0,0,0,0
2022,2022 Brook Lopez,13,84,6.5,70,60,3.4,4.4,13,57,61,46.7,-3.5,0,0,8,0,-40.6
2022,2022 Bruce Brown,72,426,5.9,385,55.3,-1.3,1.7,72,124,121,51.2,1,0.1,10,28,17.9,-22.8
2022,2022 Bruno Fernando,30,66,2.2,50,66,9.4,0.2,30,7,5,70,19.8,0.1,4,3,66.7,26
2022,2022 Bryn Forbes,75,114,1.5,117,48.7,-7.9,6.2,75,468,422,55.5,5.2,1.4,108,129,41.9,1.2
2022,2022 Buddy Hield,81,270,3.3,270,50,-6.6,10.9,81,879,826,53.2,3,1.3,102,113,45.1,4.5
2022,2022 Cade Cunningham,64,516,8.1,530,48.7,-7.9,7.1,64,456,499,45.7,-4.5,1.8,114,138,41.3,0.7
2022,2022 Caleb Martin,60,256,4.3,214,59.8,3.2,3.7,60,224,195,57.4,7.2,0.5,32,41,39,-1.6
2022,2022 Cam Reddish,49,158,3.2,158,50,-6.6,4.9,49,238,250,47.6,-2.6,0.8,40,66,30.3,-10.3
2022,2022 Cam Thomas,67,198,3,184,53.8,-2.8,4.3,67,285,319,44.7,-5.5,2.1,144,145,49.7,9
2022,2022 Cameron Johnson,66,210,3.2,174,60.3,3.7,7.8,66,514,432,59.5,9.3,0.2,16,42,19,-21.6
2022,2022 Cameron McGriff,3,6,2,7,42.9,-13.8,2.0,3,6,7,42.9,-7.4,0,0,2,0,-40.6
2022,2022 Cameron Oliver,2,16,8,11,72.7,16.1,2.5,2,5,4,62.5,12.3,1,2,1,100,59.4
2022,2022 Cameron Payne,58,282,4.9,306,46.1,-10.5,4.6,58,269,281,47.9,-2.3,1,56,70,40,-0.6
2022,2022 Caris LeVert,58,516,8.9,501,51.5,-5.1,5.6,58,324,353,45.9,-4.3,1.3,78,97,40.2,-0.4
2022,2022 Carlik Jones,5,2,0.4,4,25,-31.6,0.0,5,0,5,0,-50.2,0,0,4,0,-40.6
2022,2022 Carmelo Anthony,69,162,2.3,145,55.9,-0.8,9.1,69,625,578,54.1,3.9,2.6,178,181,49.2,8.5
2022,2022 Carsen Edwards,4,4,1,11,18.2,-38.4,4.5,4,18,19,47.4,-2.8,1.5,6,3,100,59.4
2022,2022 Cassius Stanley,9,30,3.3,27,55.6,-1.1,1.3,9,12,19,31.6,-18.6,0,0,2,0,-40.6
2022,2022 Cassius Winston,7,2,0.3,4,25,-31.6,1.1,7,8,7,57.1,6.9,0.3,2,1,100,59.4
2022,2022 Cat Barber,3,0,0,2,0,-56.6,0.0,3,0,2,0,-50.2,0,0,2,0,-40.6
2022,2022 Cedi Osman,66,222,3.4,194,57.2,0.6,6.1,66,400,377,53.1,2.8,0.2,16,20,40,-0.6
2022,2022 Chandler Hutchison,6,2,0.3,2,50,-6.6,0.0,6,0,0,0,0,0,0,0,0,0
2022,2022 Charles Bassey,23,58,2.5,40,72.5,15.9,0.1,23,2,7,14.3,-35.9,0.1,2,3,33.3,-7.3
2022,2022 Charlie Brown Jr.,22,18,0.8,23,39.1,-17.5,0.1,22,3,16,9.4,-40.8,0,0,4,0,-40.6
2022,2022 Chaundee Brown Jr.,5,6,1.2,11,27.3,-29.4,4.0,5,20,20,50,-0.2,0.4,2,3,33.3,-7.3
2022,2022 Cheick Diallo,3,6,2,8,37.5,-19.1,0.0,3,0,0,0,0,0,0,0,0,0
2022,2022 Chimezie Metu,60,254,4.2,219,58,1.4,3.5,60,209,230,45.4,-4.8,0.6,38,44,43.2,2.5
2022,2022 Chris Boucher,80,386,4.8,317,60.9,4.3,2.7,80,217,259,41.9,-8.3,0.2,16,32,25,-15.6
2022,2022 Chris Chiozza,34,10,0.3,23,21.7,-34.9,1.6,34,55,58,47.4,-2.8,0.1,4,5,40,-0.6
2022,2022 Chris Duarte,55,238,4.3,237,50.2,-6.4,7.1,55,392,380,51.6,1.4,2,110,129,42.6,2
2022,2022 Chris Paul,65,292,4.5,240,60.8,4.2,7.6,65,497,493,50.4,0.2,4.7,308,297,51.9,11.2
2022,2022 Chris Silva,10,16,1.6,14,57.1,0.5,0.0,10,0,1,0,-50.2,0,0,1,0,-40.6
2022,2022 Christian Wood,68,596,8.8,486,61.3,4.7,6.1,68,415,391,53.1,2.9,0.3,22,56,19.6,-21
2022,2022 Chuma Okeke,70,172,2.5,164,52.4,-4.2,5.4,70,378,411,46,-4.2,0.3,24,41,29.3,-11.4
2022,2022 CJ Elleby,58,154,2.7,158,48.7,-7.9,2.2,58,125,149,41.9,-8.3,0.2,14,24,29.2,-11.5
2022,2022 CJ McCollum,62,452,7.3,427,52.9,-3.7,12.9,62,802,737,54.4,4.2,4.1,256,270,47.4,6.8
2022,2022 CJ Miles,1,0,0,0,0,0,0.0,1,0,0,0,0,0,0,0,0,0
2022,2022 Clint Capela,74,736,9.9,599,61.4,4.8,0.1,74,4,4,50,-0.2,0.1,4,4,50,9.4
2022,2022 Coby White,61,232,3.8,219,53,-3.7,7.6,61,462,423,54.6,4.4,0.9,54,73,37,-3.7
2022,2022 Cody Martin,71,264,3.7,227,58.1,1.5,2.9,71,204,195,52.3,2.1,0.3,24,38,31.6,-9.1
2022,2022 Cody Zeller,27,100,3.7,85,58.8,2.2,0.1,27,2,5,20,-30.2,0.1,2,1,100,59.4
2022,2022 Cole Anthony,65,356,5.5,375,47.5,-9.2,7.5,65,489,535,45.7,-4.5,1.5,96,149,32.2,-8.4
2022,2022 Collin Sexton,11,100,9.1,87,57.5,0.8,4.3,11,47,64,36.7,-13.5,1.3,14,19,36.8,-3.8
2022,2022 Corey Kispert,77,224,2.9,167,67.1,10.4,4.6,77,356,347,51.3,1.1,0.3,20,28,35.7,-4.9
2022,2022 Cory Joseph,65,190,2.9,186,51.1,-5.6,3.6,65,231,212,54.5,4.3,0.6,36,56,32.1,-8.5
2022,2022 Craig Sword,3,6,2,3,100,43.4,0.0,3,0,1,0,-50.2,0,0,0,0,0
2022,2022 D.J. Augustin,55,48,0.9,49,49,-7.6,3.8,55,208,173,60.1,9.9,0.1,4,9,22.2,-18.4
2022,2022 D.J. Wilson,4,16,4,10,80,23.4,1.5,4,6,5,60,9.8,1.5,6,3,100,59.4
2022,2022 D'Angelo Russell,65,308,4.7,286,53.8,-2.8,10.3,65,669,686,48.8,-1.4,2.2,144,174,41.4,0.7
2022,2022 Daishen Nix,24,40,1.7,40,50,-6.6,0.9,24,21,26,40.4,-9.8,0,0,1,0,-40.6
2022,2022 Dakota Mathias,6,0,0,0,0,0,1.0,6,6,6,50,-0.2,0,0,0,0,0
2022,2022 Dalano Banton,64,122,1.9,127,48,-8.6,0.8,64,54,74,36.5,-13.7,0.3,18,24,37.5,-3.1
2022,2022 Damian Jones,56,298,5.3,206,72.3,15.7,1.1,56,62,59,52.5,2.3,0.6,32,31,51.6,11
2022,2022 Damian Lillard,29,184,6.3,178,51.7,-4.9,12.1,29,352,374,47.1,-3.2,2.6,76,90,42.2,1.6
2022,2022 Damion Lee,63,180,2.9,137,65.7,9.1,3.5,63,221,244,45.3,-4.9,0.5,32,59,27.1,-13.5
2022,2022 Damyean Dotson,2,2,1,2,50,-6.6,1.0,2,2,2,50,-0.2,1,2,1,100,59.4
2022,2022 Daniel Gafford,72,566,7.9,399,70.9,14.3,0.1,72,4,12,16.7,-33.5,0.1,4,11,18.2,-22.5
2022,2022 Daniel Oturu,3,6,2,5,60,3.4,0.0,3,0,1,0,-50.2,0,0,0,0,0
2022,2022 Daniel Theis,47,220,4.7,161,68.3,11.7,2.4,47,115,129,44.6,-5.6,0.3,16,24,33.3,-7.3
2022,2022 Danilo Gallinari,66,170,2.6,151,56.3,-0.3,6.9,66,457,444,51.5,1.3,1.9,124,153,40.5,-0.1
2022,2022 Danny Green,62,38,0.6,39,48.7,-7.9,5.1,62,315,280,56.3,6,0.2,12,15,40,-0.6
2022,2022 Danuel House Jr.,42,60,1.4,67,44.8,-11.9,3.4,42,144,130,55.4,5.2,0.3,12,14,42.9,2.2
2022,2022 DaQuan Jeffries,3,2,0.7,1,100,43.4,0.0,3,0,1,0,-50.2,0,0,0,0,0
2022,2022 Darius Bazley,69,380,5.5,365,52.1,-4.6,3.6,69,248,283,43.8,-6.4,0.1,8,15,26.7,-14
2022,2022 Darius Garland,68,530,7.8,499,53.1,-3.5,10.7,68,726,672,54,3.8,3,204,218,46.8,6.1
2022,2022 Darren Collison,3,4,1.3,2,100,43.4,0.0,3,0,5,0,-50.2,0,0,2,0,-40.6
2022,2022 David Duke Jr.,22,56,2.5,64,43.8,-12.9,1.4,22,31,44,35.2,-15,0.2,4,7,28.6,-12.1
2022,2022 David Johnson,2,0,0,0,0,0,0.0,2,0,1,0,-50.2,0,0,0,0,0
2022,2022 David Nwaba,46,140,3,127,55.1,-1.5,1.0,46,45,49,45.9,-4.3,0,0,0,0,0
2022,2022 Davion Mitchell,75,346,4.6,329,52.6,-4,6.1,75,459,510,45,-5.2,2.1,156,194,40.2,-0.4
2022,2022 Davis Bertans,56,38,0.7,38,50,-6.6,4.2,56,237,236,50.2,0,0.1,6,7,42.9,2.2
2022,2022 Davon Reed,48,60,1.3,50,60,3.4,2.9,48,139,111,62.6,12.4,0.6,28,25,56,15.4
2022,2022 Day'Ron Sharpe,32,166,5.2,139,59.7,3.1,0.3,32,8,10,40,-10.2,0.1,2,3,33.3,-7.3
2022,2022 De'Aaron Fox,59,688,11.7,628,54.8,-1.8,7.1,59,418,464,45,-5.2,3.3,196,215,45.6,4.9
2022,2022 De'Andre Hunter,53,276,5.2,267,51.7,-4.9,5.8,53,306,308,49.7,-0.5,1.6,84,113,37.2,-3.5
2022,2022 De'Anthony Melton,73,246,3.4,258,47.7,-9,6.2,73,456,434,52.5,2.3,0.5,36,64,28.1,-12.5
2022,2022 Dean Wade,51,82,1.6,61,67.2,10.6,3.3,51,167,156,53.5,3.3,0.3,14,14,50,9.4
2022,2022 Deandre Ayton,58,766,13.2,563,68,11.4,2.2,58,125,134,46.6,-3.6,1.8,104,115,45.2,4.6
2022,2022 DeAndre Jordan,48,184,3.8,141,65.2,8.6,0.0,48,0,2,0,-50.2,0,0,2,0,-40.6
2022,2022 DeAndre' Bembry,56,218,3.9,183,59.6,2.9,0.8,56,45,38,59.2,9,0,0,2,0,-40.6
2022,2022 Deividas Sirvydis,3,0,0,3,0,-56.6,1.0,3,3,7,21.4,-28.8,0,0,0,0,0
2022,2022 DeJon Jarreau,1,0,0,0,0,0,0.0,1,0,0,0,0,0,0,0,0,0
2022,2022 Dejounte Murray,68,686,10.1,630,54.4,-2.2,8.2,68,556,611,45.5,-4.7,3.9,268,318,42.1,1.5
2022,2022 Delon Wright,77,142,1.8,134,53,-3.6,1.9,77,146,132,55.3,5.1,0.2,14,19,36.8,-3.8
2022,2022 DeMar DeRozan,76,752,9.9,652,57.7,1,11.1,76,846,879,48.1,-2.1,9.2,696,741,47,6.3
2022,2022 DeMarcus Cousins,48,218,4.5,191,57.1,0.4,2.4,48,117,133,44,-6.2,0.1,6,11,27.3,-13.4
2022,2022 Deni Avdija,82,316,3.9,289,54.7,-2,3.2,82,266,289,46,-4.2,0.2,20,31,32.3,-8.4
2022,2022 Dennis Schroder,64,334,5.2,324,51.5,-5.1,5.9,64,376,399,47.1,-3.1,1.8,118,151,39.1,-1.6
2022,2022 Dennis Smith Jr.,37,126,3.4,137,46,-10.6,1.0,37,38,52,36.5,-13.7,0.5,20,25,40,-0.6
2022,2022 Denzel Valentine,24,12,0.5,16,37.5,-19.1,2.4,24,57,50,57,6.8,0,0,3,0,-40.6
2022,2022 Derrick Favors,39,136,3.5,113,60.2,3.6,1.4,39,54,69,39.1,-11.1,1.2,48,53,45.3,4.6
2022,2022 Derrick Jones Jr.,51,168,3.3,133,63.2,6.5,1.2,51,61,62,49.2,-1,0.1,4,2,100,59.4
2022,2022 Derrick Rose,26,148,5.7,142,52.1,-4.5,5.1,26,133,131,50.8,0.6,0.8,22,40,27.5,-13.1
2022,2022 Derrick Walton Jr.,3,4,1.3,8,25,-31.6,3.7,3,11,18,30.6,-19.7,0.7,2,5,20,-20.6
2022,2022 Derrick White,75,392,5.2,363,54,-2.6,5.3,75,397,436,45.5,-4.7,0.7,52,70,37.1,-3.5
2022,2022 Desmond Bane,76,408,5.4,396,51.5,-5.1,11.0,76,836,704,59.4,9.2,2,152,182,41.8,1.1
2022,2022 Devin Booker,68,524,7.7,479,54.7,-1.9,14.4,68,981,940,52.2,2,6.4,438,467,46.9,6.2
2022,2022 Devin Cannady,5,0,0,5,0,-56.6,9.0,5,45,39,57.7,7.5,0,0,2,0,-40.6
2022,2022 Devin Vassell,71,252,3.5,238,52.9,-3.7,7.6,71,537,525,51.1,0.9,1.8,126,146,43.2,2.5
2022,2022 Devon Dotson,11,18,1.6,12,75,18.4,0.5,11,6,11,27.3,-22.9,0,0,2,0,-40.6
2022,2022 Devontae Cacok,15,42,2.8,31,67.7,11.1,0.0,15,0,0,0,0,0,0,0,0,0
2022,2022 Devonte' Graham,76,132,1.7,143,46.2,-10.5,8.5,76,647,668,48.4,-1.8,1.1,80,111,36,-4.6
2022,2022 Dewayne Dedmon,67,272,4.1,217,62.7,6,1.1,67,75,72,52.1,1.9,0.3,18,26,34.6,-6
2022,2022 Didi Louzada,9,2,0.2,8,12.5,-44.1,3.4,9,31,25,62,11.8,0.4,4,2,100,59.4
2022,2022 Dillon Brooks,32,284,8.9,279,50.9,-5.7,6.8,32,216,244,44.3,-5.9,2.4,78,98,39.8,-0.9
2022,2022 Domantas Sabonis,62,778,12.5,587,66.3,9.6,2.4,62,147,186,39.5,-10.7,0.5,30,61,24.6,-16.1
2022,2022 Donovan Mitchell,67,636,9.5,569,55.9,-0.7,12.4,67,830,805,51.6,1.3,2,134,153,43.8,3.1
2022,2022 Donte DiVincenzo,42,80,1.9,100,40,-16.6,5.5,42,230,235,48.9,-1.3,0.2,8,18,22.2,-18.4
2022,2022 Dorian Finney-Smith,80,298,3.7,240,62.1,5.5,6.6,80,526,450,58.4,8.2,0.1,10,17,29.4,-11.2
2022,2022 Doug McDermott,51,178,3.5,172,51.7,-4.9,7.1,51,360,293,61.4,11.2,0.7,36,38,47.4,6.7
2022,2022 Draymond Green,46,230,5,188,61.2,4.5,1.2,46,56,65,43.1,-7.1,0.2,8,15,26.7,-14
2022,2022 Drew Eubanks,71,412,5.8,321,64.2,7.5,0.5,71,35,50,35,-15.2,0.3,20,27,37,-3.6
2022,2022 Duane Washington Jr.,48,146,3,162,45.1,-11.6,5.9,48,281,263,53.4,3.2,0.8,38,50,38,-2.6
2022,2022 Duncan Robinson,79,100,1.3,87,57.5,0.8,9.0,79,711,639,55.6,5.4,0.2,18,16,56.3,15.6
2022,2022 Dwight Howard,60,252,4.2,199,63.3,6.7,0.4,60,24,20,60,9.8,0,0,5,0,-40.6
2022,2022 Dwight Powell,82,506,6.2,351,72.1,15.5,0.5,82,45,50,45,-5.2,0.1,6,13,23.1,-17.6
2022,2022 Dylan Windler,50,32,0.6,28,57.1,0.5,1.3,50,63,70,45,-5.2,0,0,0,0,0
2022,2022 Ed Davis,31,22,0.7,16,68.8,12.1,0.0,31,0,0,0,0,0,0,0,0,0
2022,2022 Elfrid Payton,50,118,2.4,139,42.4,-14.2,0.4,50,20,36,27.8,-22.4,0.2,8,18,22.2,-18.4
2022,2022 Elijah Hughes,36,34,0.9,32,53.1,-3.5,2.3,36,84,110,38.2,-12,0.3,12,18,33.3,-7.3
2022,2022 Emanuel Terry,3,0,0,5,0,-56.6,0.0,3,0,0,0,0,0,0,0,0,0
2022,2022 Emmanuel Mudiay,2,0,0,1,0,-56.6,0.0,2,0,1,0,-50.2,0,0,1,0,-40.6
2022,2022 Enes Freedom,35,92,2.6,87,52.9,-3.8,0.3,35,12,10,60,9.8,0.2,6,5,60,19.4
2022,2022 Eric Bledsoe,54,242,4.5,225,53.8,-2.8,3.8,54,203,241,42.1,-8.1,0.9,50,80,31.3,-9.4
2022,2022 Eric Gordon,57,280,4.9,250,56,-0.6,6.7,57,380,314,60.5,10.3,0.1,8,13,30.8,-9.9
2022,2022 Eric Paschall,58,142,2.4,120,59.2,2.5,2.2,58,125,113,55.3,5.1,0.1,8,9,44.4,3.8
2022,2022 Eugene Omoruyi,4,2,0.5,1,100,43.4,0.8,4,3,4,37.5,-12.7,0,0,2,0,-40.6
2022,2022 Evan Fournier,80,220,2.8,234,47,-9.6,10.3,80,824,729,56.5,6.3,1.3,104,114,45.6,5
2022,2022 Evan Mobley,69,696,10.1,603,57.7,1.1,2.5,69,171,226,37.8,-12.4,1.5,102,135,37.8,-2.9
2022,2022 Facundo Campazzo,65,90,1.4,93,48.4,-8.2,2.8,65,182,194,46.9,-3.3,0.1,8,10,40,-0.6
2022,2022 Feron Hunt,2,0,0,2,0,-56.6,0.0,2,0,0,0,0,0,0,0,0,0
2022,2022 Frank Jackson,53,184,3.5,169,54.4,-2.2,5.5,53,290,314,46.2,-4,0.6,32,35,45.7,5.1
2022,2022 Frank Kaminsky,9,62,6.9,50,62,5.4,1.7,9,15,16,46.9,-3.3,0,0,1,0,-40.6
2022,2022 Frank Ntilikina,58,66,1.1,74,44.6,-12,2.6,58,151,148,51,0.8,0.6,34,38,44.7,4.1
2022,2022 Franz Wagner,79,696,8.8,665,52.3,-4.3,3.9,79,312,310,50.3,0.1,0.3,24,39,30.8,-9.9
2022,2022 Fred VanVleet,65,236,3.6,268,44,-12.6,13.6,65,887,823,53.9,3.7,2.6,170,191,44.5,3.9
2022,2022 Freddie Gillespie,9,18,2,19,47.4,-9.3,0.0,9,0,3,0,-50.2,0,0,2,0,-40.6
2022,2022 Furkan Korkmaz,67,180,2.7,164,54.9,-1.7,3.9,67,261,304,42.9,-7.3,0.4,30,44,34.1,-6.6
2022,2022 Gabe Vincent,68,144,2.1,130,55.4,-1.2,5.9,68,402,378,53.2,3,0.7,48,61,39.3,-1.3
2022,2022 Gabe York,2,2,1,1,100,43.4,1.5,2,3,6,25,-25.2,0,0,0,0,0
2022,2022 Gabriel Deck,7,10,1.4,7,71.4,14.8,1.1,7,8,7,57.1,6.9,0.3,2,3,33.3,-7.3
2022,2022 Gabriel Lundberg,4,0,0,4,0,-56.6,3.3,4,13,15,43.3,-6.9,1,4,7,28.6,-12.1
2022,2022 Garrett Temple,59,90,1.5,84,53.6,-3.1,3.2,59,191,211,45.3,-4.9,0.2,14,26,26.9,-13.7
2022,2022 Garrison Mathews,65,86,1.3,68,63.2,6.6,6.5,65,421,393,53.6,3.4,0.1,4,7,28.6,-12.1
2022,2022 Gary Clark,38,10,0.3,17,29.4,-27.2,2.2,38,84,71,59.2,8.9,0,0,2,0,-40.6
2022,2022 Gary Harris,61,200,3.3,175,57.1,0.5,6.5,61,396,378,52.4,2.2,0.8,48,77,31.2,-9.5
2022,2022 Gary Payton II,71,336,4.7,222,75.7,19,1.8,71,131,121,54.1,3.9,0,2,2,50,9.4
2022,2022 Gary Trent Jr.,70,280,4,294,47.6,-9,11.8,70,829,791,52.4,2.2,2.9,202,248,40.7,0.1
2022,2022 George Hill,54,136,2.5,122,55.7,-0.9,2.6,54,141,152,46.4,-3.8,0.3,18,19,47.4,6.7
2022,2022 George King,4,0,0,1,0,-56.6,0.0,4,0,4,0,-50.2,0,0,0,0,0
2022,2022 Georges Niang,76,166,2.2,156,53.2,-3.4,6.3,76,482,406,59.4,9.2,0.2,14,24,29.2,-11.5
2022,2022 Georgios Kalaitzakis,13,40,3.1,34,58.8,2.2,2.5,13,32,33,48.5,-1.7,0.2,2,7,14.3,-26.4
2022,2022 Giannis Antetokounmpo,67,1066,15.9,798,66.8,10.2,5.7,67,383,445,43,-7.2,2.5,170,205,41.5,0.8
2022,2022 Goga Bitadze,50,214,4.3,169,63.3,6.7,1.4,50,71,83,42.8,-7.4,0,2,3,33.3,-7.3
2022,2022 Goran Dragic,21,72,3.4,65,55.4,-1.2,2.8,21,58,86,33.7,-16.5,0.5,10,23,21.7,-18.9
2022,2022 Gordon Hayward,49,284,5.8,285,49.8,-6.8,7.5,49,368,332,55.4,5.2,2.2,110,112,49.1,8.5
2022,2022 Gorgui Dieng,44,28,0.6,23,60.9,4.2,2.4,44,107,89,60.1,9.9,0.5,20,21,47.6,7
2022,2022 Grant Williams,77,192,2.5,158,60.8,4.1,4.2,77,324,274,59.1,8.9,0.1,6,16,18.8,-21.9
2022,2022 Grayson Allen,66,172,2.6,158,54.4,-2.2,7.5,66,497,411,60.5,10.3,0.3,20,23,43.5,2.8
2022,2022 Greg Brown III,48,120,2.5,115,52.2,-4.5,1.3,48,61,75,40.7,-9.5,0.1,4,14,14.3,-26.4
2022,2022 Greg Monroe,14,64,4.6,55,58.2,1.6,0.0,14,0,2,0,-50.2,0,0,2,0,-40.6
2022,2022 Hamidou Diallo,58,418,7.2,355,58.9,2.2,2.2,58,127,169,37.6,-12.6,1,58,78,37.2,-3.5
2022,2022 Harrison Barnes,77,466,6.1,434,53.7,-2.9,5.9,77,458,400,57.3,7,0.4,32,40,40,-0.6
2022,2022 Hassan Whiteside,65,426,6.6,318,67,10.4,0.1,65,4,12,16.7,-33.5,0.1,4,12,16.7,-24
2022,2022 Hassani Gravett,8,10,1.3,9,55.6,-1.1,4.6,8,37,28,66.1,15.9,0.5,4,3,66.7,26
2022,2022 Haywood Highsmith,19,12,0.6,15,40,-16.6,1.5,19,29,31,46.8,-3.4,0.1,2,3,33.3,-7.3
2022,2022 Herbert Jones,78,402,5.2,362,55.5,-1.1,2.6,78,203,213,47.7,-2.6,0.4,32,45,35.6,-5.1
2022,2022 Ignas Brazdeikis,42,102,2.4,94,54.3,-2.4,2.0,42,86,94,45.7,-4.5,0.2,8,8,50,9.4
2022,2022 Immanuel Quickley,78,234,3,247,47.4,-9.3,6.0,78,471,477,49.4,-0.8,0.8,60,81,37,-3.6
2022,2022 Isaac Bonga,15,4,0.3,8,25,-31.6,0.2,15,3,5,30,-20.2,0,0,1,0,-40.6
2022,2022 Isaac Okoro,67,298,4.4,264,56.4,-0.2,2.6,67,171,167,51.2,1,0.1,6,11,27.3,-13.4
2022,2022 Isaiah Hartenstein,68,428,6.3,330,64.8,8.2,0.6,68,44,36,61.1,10.9,0,2,6,16.7,-24
2022,2022 Isaiah Jackson,36,216,6,178,60.7,4,0.6,36,21,28,37.5,-12.7,0.2,6,12,25,-15.6
2022,2022 Isaiah Joe,55,20,0.4,22,45.5,-11.2,2.7,55,149,154,48.4,-1.8,0.3,14,20,35,-5.6
2022,2022 Isaiah Livers,19,20,1.1,16,62.5,5.9,4.7,19,89,74,60.1,9.9,0.4,8,10,40,-0.6
2022,2022 Isaiah Roby,45,230,5.1,209,55,-1.6,3.2,45,146,114,64,13.8,0.3,14,15,46.7,6
2022,2022 Isaiah Stewart,71,444,6.3,413,53.8,-2.9,1.0,71,71,77,46.1,-4.1,0.4,26,31,41.9,1.3
2022,2022 Isaiah Thomas,22,48,2.2,59,40.7,-15.9,5.2,22,114,108,52.8,2.6,1.4,30,25,60,19.4
2022,2022 Isaiah Todd,12,4,0.3,8,25,-31.6,1.2,12,14,18,38.9,-11.3,0.2,2,2,50,9.4
2022,2022 Ish Smith,65,166,2.6,203,40.9,-15.7,3.5,65,229,226,50.7,0.5,2.4,154,160,48.1,7.5
2022,2022 Ish Wainright,45,44,1,43,51.2,-5.5,1.3,45,57,61,46.7,-3.5,0,0,2,0,-40.6
2022,2022 Ivica Zubac,76,612,8.1,485,63.1,6.5,0.1,76,8,10,40,-10.2,0.1,8,10,40,-0.6
2022,2022 Ja Morant,57,948,16.6,852,55.6,-1,5.3,57,300,322,46.6,-3.6,0.6,36,69,26.1,-14.6
2022,2022 Jabari Parker,12,16,1.3,15,53.3,-3.3,2.3,12,28,22,63.6,13.4,0.3,4,7,28.6,-12.1
2022,2022 Jaden McDaniels,70,316,4.5,265,59.6,3,3.9,70,274,288,47.6,-2.6,0.5,34,38,44.7,4.1
2022,2022 Jaden Springer,2,2,1,1,100,43.4,0.0,2,0,0,0,0,0,0,0,0,0
2022,2022 Jae Crowder,67,98,1.5,95,51.6,-5,6.9,67,463,447,51.8,1.6,1.2,82,83,49.4,8.8
2022,2022 Jae'Sean Tate,78,598,7.7,517,57.8,1.2,2.4,78,191,212,45,-5.2,0,2,10,10,-30.6
2022,2022 Jahmi'us Ramsey,19,28,1.5,31,45.2,-11.5,1.3,19,25,27,46.3,-3.9,0.5,10,9,55.6,14.9
2022,2022 Jaime Echenique,1,0,0,0,0,0,0.0,1,0,0,0,0,0,0,0,0,0
2022,2022 Jake Layman,34,40,1.2,31,64.5,7.9,0.8,34,28,42,33.3,-16.9,0.1,4,7,28.6,-12.1
2022,2022 Jakob Poeltl,68,802,11.8,634,63.2,6.6,0.2,68,16,28,28.6,-21.6,0.2,16,28,28.6,-12.1
2022,2022 Jalen Brunson,79,600,7.6,521,57.6,1,6.4,79,506,487,52,1.7,2.8,224,237,47.3,6.6
2022,2022 Jalen Green,67,418,6.2,393,53.2,-3.4,8.2,67,551,560,49.2,-1,1.2,80,104,38.5,-2.2
2022,2022 Jalen Johnson,22,38,1.7,24,79.2,22.5,0.4,22,9,17,26.5,-23.7,0,0,4,0,-40.6
2022,2022 Jalen McDaniels,55,156,2.8,133,58.6,2,2.4,55,131,120,54.6,4.4,0.1,8,14,28.6,-12.1
2022,2022 Jalen Smith,51,242,4.7,193,62.7,6.1,2.9,51,150,157,47.8,-2.4,0.6,30,35,42.9,2.2
2022,2022 Jalen Suggs,48,270,5.6,292,46.2,-10.4,3.5,48,168,255,32.9,-17.3,0.9,42,60,35,-5.6
2022,2022 James Bouknight,31,60,1.9,83,36.1,-20.5,1.8,31,55,58,47.4,-2.8,0.1,4,9,22.2,-18.4
2022,2022 James Ennis III,7,16,2.3,15,53.3,-3.3,1.3,7,9,9,50,-0.2,0,0,1,0,-40.6
2022,2022 James Harden,65,476,7.3,493,48.3,-8.4,7.5,65,486,499,48.7,-1.5,0.6,42,51,41.2,0.5
2022,2022 James Johnson,62,238,3.8,210,56.7,0,1.2,62,73,97,37.6,-12.6,0.1,4,12,16.7,-24
2022,2022 Jamorko Pickett,13,10,0.8,10,50,-6.6,3.0,13,39,40,48.8,-1.5,0,0,1,0,-40.6
2022,2022 JaMychal Green,67,230,3.4,182,63.2,6.6,1.8,67,121,143,42.3,-7.9,0.3,22,21,52.4,11.7
2022,2022 JaQuori McLaughlin,4,0,0,0,0,0,0.0,4,0,2,0,-50.2,0,0,1,0,-40.6
2022,2022 Jared Butler,42,48,1.1,50,48,-8.6,2.4,42,102,100,51,0.8,0.4,18,13,69.2,28.6
2022,2022 Jared Harper,5,10,2,9,55.6,-1.1,4.6,5,23,17,67.6,17.4,1.6,8,5,80,39.4
2022,2022 Jaren Jackson Jr.,78,586,7.5,614,47.7,-8.9,5.2,78,402,422,47.6,-2.6,0.2,18,22,40.9,0.3
2022,2022 Jarred Vanderbilt,74,420,5.7,342,61.4,4.8,0.1,74,6,19,15.8,-34.4,0,0,5,0,-40.6
2022,2022 Jarrett Allen,56,704,12.6,505,69.7,13.1,0.6,56,35,40,43.8,-6.5,0.6,32,30,53.3,12.7
2022,2022 Jarrett Culver,37,60,1.6,68,44.1,-12.5,1.5,37,54,67,40.3,-9.9,0.5,18,20,45,4.4
2022,2022 Jarron Cumberland,3,2,0.7,1,100,43.4,0.0,3,0,1,0,-50.2,0,0,0,0,0
2022,2022 JaVale McGee,74,556,7.5,427,65.1,8.5,0.3,74,22,31,35.5,-14.7,0.2,16,22,36.4,-4.3
2022,2022 Javin DeLaurier,1,0,0,0,0,0,0.0,1,0,0,0,0,0,0,0,0,0
2022,2022 Javonte Green,65,278,4.3,220,63.2,6.6,1.7,65,110,105,52.4,2.2,0,2,7,14.3,-26.4
2022,2022 Javonte Smart,17,20,1.2,28,35.7,-20.9,1.5,17,26,31,41.9,-8.3,0.1,2,5,20,-20.6
2022,2022 Jaxson Hayes,70,440,6.3,320,68.8,12.1,1.0,70,70,77,45.5,-4.8,0.1,10,21,23.8,-16.8
2022,2022 Jay Huff,4,0,0,1,0,-56.6,0.0,4,0,2,0,-50.2,0,0,0,0,0
2022,2022 Jay Scrubb,18,18,1,17,52.9,-3.7,1.3,18,24,29,41.4,-8.8,0.3,6,8,37.5,-3.1
2022,2022 Jaylen Brown,66,652,9.9,571,57.1,0.5,10.1,66,666,644,51.7,1.5,2.5,168,183,45.9,5.3
2022,2022 Jaylen Hoard,7,66,9.4,61,54.1,-2.5,4.4,7,31,29,53.4,3.2,0.6,4,4,50,9.4
2022,2022 Jaylen Morris,3,0,0,4,0,-56.6,0.0,3,0,2,0,-50.2,0,0,0,0,0
2022,2022 Jaylen Nowell,62,222,3.6,201,55.2,-1.4,3.7,62,232,210,55.2,5,0.7,46,54,42.6,1.9
2022,2022 Jaysean Paige,1,0,0,0,0,0,0.0,1,0,3,0,-50.2,0,0,1,0,-40.6
2022,2022 Jayson Tatum,76,764,10.1,656,58.2,1.6,11.6,76,883,906,48.7,-1.5,2.5,190,257,37,-3.7
2022,2022 Jeff Dowtin,9,8,0.9,11,36.4,-20.3,1.0,9,9,15,30,-20.2,0.7,6,6,50,9.4
2022,2022 Jeff Green,75,416,5.5,313,66.5,9.8,2.5,75,191,214,44.6,-5.6,0.4,32,48,33.3,-7.3
2022,2022 Jemerrio Jones,2,4,2,3,66.7,10,0.0,2,0,0,0,0,0,0,0,0,0
2022,2022 Jerami Grant,47,280,6,268,52.2,-4.4,8.7,47,407,430,47.3,-2.9,2.9,134,177,37.9,-2.8
2022,2022 Jeremiah Robinson-Earl,49,136,2.8,131,51.9,-4.7,3.9,49,190,193,49.2,-1,0.3,16,28,28.6,-12.1
2022,2022 Jeremy Lamb,56,102,1.8,121,42.1,-14.5,3.9,56,219,222,49.3,-0.9,1,54,56,48.2,7.6
2022,2022 Jericho Sims,41,78,1.9,53,73.6,17,0.0,41,0,1,0,-50.2,0,0,1,0,-40.6
2022,2022 Jevon Carter,66,24,0.4,29,41.4,-15.2,3.6,66,238,223,53.4,3.2,0.6,40,54,37,-3.6
2022,2022 Jimmy Butler,57,594,10.4,517,57.4,0.8,4.0,57,229,310,36.9,-13.3,2.6,148,196,37.8,-2.9
2022,2022 Jock Landale,54,136,2.5,103,66,9.4,1.8,54,95,100,47.5,-2.7,0.1,8,12,33.3,-7.3
2022,2022 Joe Harris,14,26,1.9,30,43.3,-13.3,9.1,14,127,94,67.6,17.3,0.3,4,6,33.3,-7.3
2022,2022 Joe Ingles,45,72,1.6,56,64.3,7.7,5.2,45,235,229,51.3,1.1,0.1,4,6,33.3,-7.3
2022,2022 Joe Johnson,1,0,0,0,0,0,2.0,1,2,1,100,49.8,2,2,1,100,59.4
2022,2022 Joe Wieskamp,29,8,0.3,7,57.1,0.5,1.6,29,46,49,46.9,-3.3,0.1,4,6,33.3,-7.3
2022,2022 Joel Ayayi,7,2,0.3,4,25,-31.6,0.0,7,0,2,0,-50.2,0,0,1,0,-40.6
2022,2022 Joel Embiid,68,816,12,692,59,2.3,9.0,68,609,641,47.5,-2.7,4.9,330,391,42.2,1.6
2022,2022 John Collins,54,464,8.6,369,62.9,6.2,5.1,54,278,275,50.5,0.3,1.6,86,99,43.4,2.8
2022,2022 John Konchar,72,158,2.2,119,66.4,9.8,2.3,72,164,143,57.3,7.1,0.1,8,19,21.1,-19.6
2022,2022 Jon Teske,3,0,0,0,0,0,0.0,3,0,1,0,-50.2,0,0,1,0,-40.6
2022,2022 Jonas Valanciunas,74,800,10.8,669,59.8,3.2,3.7,74,277,269,51.5,1.3,1.4,106,111,47.7,7.1
2022,2022 Jonathan Kuminga,70,358,5.1,292,61.3,4.7,2.3,70,163,166,49.1,-1.1,0.2,16,20,40,-0.6
2022,2022 Jordan Bell,1,0,0,0,0,0,0.0,1,0,0,0,0,0,0,0,0,0
2022,2022 Jordan Clarkson,79,500,6.3,454,55.1,-1.6,7.9,79,622,657,47.3,-2.9,0.7,52,62,41.9,1.3
2022,2022 Jordan Goodwin,2,0,0,1,0,-56.6,0.0,2,0,2,0,-50.2,0,0,1,0,-40.6
2022,2022 Jordan McLaughlin,62,112,1.8,107,52.3,-4.3,1.5,62,91,90,50.6,0.3,0.2,10,8,62.5,21.9
2022,2022 Jordan Nwora,62,170,2.7,156,54.5,-2.1,4.5,62,281,306,45.9,-4.3,0.7,44,79,27.8,-12.8
2022,2022 Jordan Poole,76,438,5.8,372,58.9,2.2,9.4,76,716,681,52.6,2.4,1.2,92,108,42.6,1.9
2022,2022 Jordan Schakel,4,0,0,4,0,-56.6,0.8,4,3,7,21.4,-28.8,0,0,1,0,-40.6
2022,2022 Jose Alvarado,54,172,3.2,155,55.5,-1.1,2.3,54,122,138,44.2,-6,0.5,26,29,44.8,4.2
2022,2022 Josh Christopher,74,320,4.3,284,56.3,-0.3,2.5,74,184,210,43.8,-6.4,0.2,16,27,29.6,-11
2022,2022 Josh Giddey,54,400,7.4,392,51,-5.6,4.0,54,218,278,39.2,-11,0.9,50,66,37.9,-2.8
2022,2022 Josh Green,67,186,2.8,150,62,5.4,1.5,67,102,105,48.6,-1.6,0.3,18,28,32.1,-8.5
2022,2022 Josh Hart,54,390,7.2,313,62.3,5.7,4.8,54,257,256,50.2,0,0.7,38,43,44.2,3.5
2022,2022 Josh Jackson,51,146,2.9,126,57.9,1.3,2.5,51,127,174,36.5,-13.7,0.5,28,44,31.8,-8.8
2022,2022 Josh Okogie,49,56,1.1,56,50,-6.6,0.9,49,42,48,43.8,-6.5,0,0,1,0,-40.6
2022,2022 Josh Richardson,65,178,2.7,193,46.1,-10.5,6.0,65,392,340,57.6,7.4,1.3,86,96,44.8,4.1
2022,2022 Joshua Primo,50,106,2.1,111,47.7,-8.9,2.8,50,138,158,43.7,-6.5,0.2,12,22,27.3,-13.4
2022,2022 Jrue Holiday,67,530,7.9,483,54.9,-1.8,8.3,67,558,470,59.4,9.2,2.4,162,150,54,13.4
2022,2022 JT Thor,33,30,0.9,23,65.2,8.6,0.8,33,25,32,39.1,-11.1,0.1,4,5,40,-0.6
2022,2022 Juan Toscano-Anderson,73,172,2.4,143,60.1,3.5,1.2,73,86,91,47.3,-3,0,2,5,20,-20.6
2022,2022 Juancho Hernangomez,40,40,1,37,54.1,-2.6,1.8,40,72,69,52.2,2,0,0,0,0,0
2022,2022 Julius Randle,72,584,8.1,556,52.5,-4.1,7.8,72,560,690,40.6,-9.6,2.8,200,300,33.3,-7.3
2022,2022 Justin Anderson,16,30,1.9,24,62.5,5.9,3.6,16,57,71,40.1,-10.1,0.8,12,12,50,9.4
2022,2022 Justin Champagnie,36,42,1.2,38,55.3,-1.4,0.8,36,30,29,51.7,1.5,0,0,1,0,-40.6
2022,2022 Justin Holiday,74,112,1.5,110,50.9,-5.7,7.9,74,587,551,53.3,3.1,0.8,56,71,39.4,-1.2
2022,2022 Justin Jackson,7,4,0.6,4,50,-6.6,1.3,7,9,11,40.9,-9.3,0,0,2,0,-40.6
2022,2022 Justin Robinson,25,14,0.6,18,38.9,-17.7,2.4,25,60,73,41.1,-9.1,0.2,6,14,21.4,-19.2
2022,2022 Justise Winslow,48,180,3.8,170,52.9,-3.7,1.1,48,55,85,32.4,-17.9,0.2,10,21,23.8,-16.8
2022,2022 Jusuf Nurkic,56,594,10.6,515,57.7,1,1.1,56,63,85,37.1,-13.2,0.3,18,30,30,-10.6
2022,2022 Juwan Morgan,2,2,1,1,100,43.4,1.5,2,3,2,75,24.8,0,0,0,0,0
2022,2022 Kai Jones,21,16,0.8,11,72.7,16.1,0.1,21,3,3,50,-0.2,0,0,1,0,-40.6
2022,2022 Karl-Anthony Towns,74,898,12.1,728,61.7,5,7.2,74,536,486,55.1,4.9,1.2,86,121,35.5,-5.1
2022,2022 Keifer Sykes,32,60,1.9,54,55.6,-1.1,3.3,32,105,136,38.6,-11.6,0.8,24,46,26.1,-14.6
2022,2022 Keita Bates-Diop,59,224,3.8,190,58.9,2.3,1.1,59,65,73,44.5,-5.7,0.2,14,18,38.9,-1.8
2022,2022 Kelan Martin,30,66,2.2,65,50.8,-5.9,3.2,30,96,105,45.7,-4.5,1,30,31,48.4,7.7
2022,2022 Keldon Johnson,75,572,7.6,545,52.5,-4.1,7.1,75,529,465,56.9,6.7,0.7,52,67,38.8,-1.8
2022,2022 Keljin Blevins,31,22,0.7,31,35.5,-21.1,2.2,31,67,80,41.9,-8.3,0.1,4,8,25,-15.6
2022,2022 Kelly Olynyk,40,152,3.8,136,55.9,-0.7,3.6,40,144,149,48.3,-1.9,0.6,24,31,38.7,-1.9
2022,2022 Kelly Oubre Jr.,76,418,5.5,344,60.8,4.1,7.8,76,593,586,50.6,0.4,0.3,20,37,27,-13.6
2022,2022 Kemba Walker,37,112,3,117,47.9,-8.8,7.0,37,259,253,51.2,1,1.1,40,55,36.4,-4.3
2022,2022 Kenrich Williams,49,174,3.6,157,55.4,-1.2,3.2,49,159,159,50,-0.2,0.7,36,39,46.2,5.5
2022,2022 Kent Bazemore,39,26,0.7,40,32.5,-24.1,2.4,39,93,97,47.9,-2.3,0.2,6,20,15,-25.6
2022,2022 Kentavious Caldwell-Pope,77,212,2.8,216,49.1,-7.6,8.7,77,669,613,54.6,4.4,2.5,192,205,46.8,6.2
2022,2022 Kenyon Martin Jr.,79,438,5.5,354,61.9,5.2,2.3,79,180,169,53.3,3,0,0,2,0,-40.6
2022,2022 Keon Johnson,37,120,3.2,139,43.2,-13.5,2.9,37,106,133,39.8,-10.4,0.1,4,32,6.3,-34.4
2022,2022 Kessler Edwards,48,96,2,103,46.6,-10,3.6,48,172,163,52.8,2.6,0.6,28,29,48.3,7.6
2022,2022 Kevin Durant,55,474,8.6,408,58.1,1.5,14.5,55,797,707,56.4,6.2,8.2,452,407,55.5,14.9
2022,2022 Kevin Huerter,74,274,3.7,246,55.7,-0.9,7.8,74,576,512,56.3,6,1.3,96,103,46.6,6
2022,2022 Kevin Knox II,30,30,1,24,62.5,5.9,1.6,30,47,60,39.2,-11,0.1,2,7,14.3,-26.4
2022,2022 Kevin Love,74,198,2.7,172,57.6,0.9,8.7,74,643,588,54.7,4.5,1.1,82,112,36.6,-4
2022,2022 Kevin Pangos,24,16,0.7,17,47.1,-9.6,0.8,24,20,29,34.5,-15.7,0.1,2,3,33.3,-7.3
2022,2022 Kevin Porter Jr.,61,306,5,315,48.6,-8.1,8.5,61,519,493,52.6,2.4,0.9,54,80,33.8,-6.9
2022,2022 Kevon Looney,82,392,4.8,312,62.8,6.2,0.3,82,24,52,23.1,-27.1,0.3,24,51,23.5,-17.1
2022,2022 Khem Birch,55,186,3.4,176,52.8,-3.8,0.1,55,8,24,16.7,-33.5,0.1,8,12,33.3,-7.3
2022,2022 Khris Middleton,66,324,4.9,309,52.4,-4.2,11.2,66,742,712,52.1,1.9,3.9,256,278,46,5.4
2022,2022 Killian Hayes,66,222,3.4,224,49.6,-7.1,2.6,66,174,235,37,-13.2,0.6,42,68,30.9,-9.8
2022,2022 Killian Tillie,36,26,0.7,32,40.6,-16,2.4,36,87,95,45.8,-4.4,0.2,6,9,33.3,-7.3
2022,2022 Kira Lewis Jr.,24,84,3.5,70,60,3.4,2.0,24,47,73,32.2,-18,0.3,8,18,22.2,-18.4
2022,2022 Klay Thompson,32,140,4.4,135,51.9,-4.8,14.5,32,465,437,53.2,3,3.9,126,144,43.8,3.1
2022,2022 Kris Dunn,14,78,5.6,78,50,-6.6,0.8,14,11,24,22.9,-27.3,0.6,8,13,30.8,-9.9
2022,2022 Kristaps Porzingis,51,416,8.2,351,59.3,2.6,7.2,51,366,415,44.1,-6.1,2.6,132,164,40.2,-0.4
2022,2022 Kyle Anderson,69,318,4.6,315,50.5,-6.2,2.0,69,136,154,44.2,-6.1,0.4,28,45,31.1,-9.5
2022,2022 Kyle Guy,19,14,0.7,19,36.8,-19.8,2.7,19,52,46,56.5,6.3,0.5,10,6,83.3,42.7
2022,2022 Kyle Kuzma,66,500,7.6,439,56.9,0.3,7.2,66,473,496,47.7,-2.5,1.4,92,123,37.4,-3.2
2022,2022 Kyle Lowry,63,186,3,156,59.6,3,8.1,63,510,467,54.6,4.4,1.2,78,89,43.8,3.2
2022,2022 Kyrie Irving,29,254,8.8,219,58,1.4,14.6,29,424,397,53.4,3.2,4.3,124,158,39.2,-1.4
2022,2022 KZ Okpala,21,40,1.9,39,51.3,-5.3,1.4,21,29,30,48.3,-1.9,0.1,2,4,25,-15.6
2022,2022 Lamar Stevens,63,234,3.7,205,57.1,0.4,1.5,63,95,114,41.7,-8.5,0.7,44,50,44,3.4
2022,2022 LaMarcus Aldridge,47,246,5.2,206,59.7,3.1,5.8,47,272,252,54,3.8,4.9,230,206,55.8,15.2
2022,2022 LaMelo Ball,75,536,7.1,556,48.2,-8.4,10.1,75,760,696,54.6,4.4,1.3,100,133,37.6,-3.1
2022,2022 Lance Stephenson,46,160,3.5,132,60.6,4,3.5,46,161,191,42.1,-8.1,1.7,80,101,39.6,-1
2022,2022 Landry Shamet,69,98,1.4,106,46.2,-10.4,5.9,69,406,377,53.8,3.6,0.6,40,46,43.5,2.8
2022,2022 Langston Galloway,7,6,0.9,6,50,-6.6,1.1,7,8,20,20,-30.2,0.3,2,4,25,-15.6
2022,2022 Larry Nance Jr.,46,202,4.4,164,61.6,5,1.7,46,79,82,48.2,-2,0.2,10,13,38.5,-2.2
2022,2022 Lauri Markkanen,61,322,5.3,280,57.5,0.9,7.2,61,439,423,51.9,1.7,0.6,34,44,38.6,-2
2022,2022 Leandro Bolmaro,35,24,0.7,29,41.4,-15.2,0.4,35,15,24,31.3,-19,0,0,8,0,-40.6
2022,2022 LeBron James,56,802,14.3,589,68.1,11.5,11.4,56,639,632,50.6,0.3,2.8,156,184,42.4,1.7
2022,2022 Lindell Wigginton,19,34,1.8,34,50,-6.6,1.4,19,27,27,50,-0.2,0,0,1,0,-40.6
2022,2022 Lindy Waters III,25,32,1.3,25,64,7.4,6.5,25,162,150,54,3.8,0.2,6,5,60,19.4
2022,2022 Lonnie Walker IV,70,276,3.9,244,56.6,-0.1,6.5,70,455,515,44.2,-6,1.8,128,169,37.9,-2.8
2022,2022 Lonzo Ball,35,90,2.6,88,51.1,-5.5,9.8,35,344,293,58.7,8.5,0.4,14,35,20,-20.6
2022,2022 Lou Williams,56,98,1.8,124,39.5,-17.1,3.4,56,189,196,48.2,-2,1.4,78,95,41.1,0.4
2022,2022 Louis King,10,6,0.6,10,30,-26.6,3.2,10,32,37,43.2,-7,0.8,8,11,36.4,-4.3
2022,2022 Luguentz Dort,51,304,6,301,50.5,-6.1,8.1,51,412,424,48.6,-1.6,0.4,22,34,32.4,-8.3
2022,2022 Luka Doncic,65,718,11,619,58,1.4,11.8,65,765,782,48.9,-1.3,2.5,162,215,37.7,-3
2022,2022 Luka Garza,32,88,2.8,76,57.9,1.3,1.9,32,60,71,42.3,-8,0.4,12,22,27.3,-13.4
2022,2022 Luke Kennard,70,120,1.7,124,48.4,-8.2,9.2,70,644,515,62.5,12.3,1.1,74,92,40.2,-0.4
2022,2022 Luke Kornet,15,26,1.7,21,61.9,5.3,0.0,15,0,6,0,-50.2,0,0,1,0,-40.6
2022,2022 M.J. Walker,2,0,0,2,0,-56.6,0.0,2,0,2,0,-50.2,0,0,0,0,0
2022,2022 Mac McClung,2,2,1,2,50,-6.6,2.5,2,5,4,62.5,12.3,1,2,1,100,59.4
2022,2022 Malachi Flynn,44,58,1.3,57,50.9,-5.7,2.6,44,116,124,46.8,-3.4,0.6,26,36,36.1,-4.5
2022,2022 Malcolm Brogdon,36,306,8.5,272,56.3,-0.4,6.6,36,238,270,44.1,-6.1,1.8,64,85,37.6,-3
2022,2022 Malcolm Hill,19,16,0.8,12,66.7,10,2.4,19,45,40,56.3,6,0.3,6,5,60,19.4
2022,2022 Malik Beasley,79,136,1.7,144,47.2,-9.4,9.7,79,768,703,54.6,4.4,0.6,48,74,32.4,-8.2
2022,2022 Malik Fitts,15,6,0.4,8,37.5,-19.1,0.8,15,12,10,60,9.8,0,0,1,0,-40.6
2022,2022 Malik Monk,76,400,5.3,333,60.1,3.4,7.3,76,555,493,56.3,6.1,0.5,36,51,35.3,-5.4
2022,2022 Malik Newman,1,2,2,1,100,43.4,4.0,1,4,4,50,-0.2,4,4,3,66.7,26
2022,2022 Mamadi Diakite,13,48,3.7,39,61.5,4.9,0.2,13,2,8,12.5,-37.7,0.2,2,3,33.3,-7.3
2022,2022 Marcus Garrett,12,6,0.5,15,20,-36.6,0.4,12,5,6,41.7,-8.5,0.2,2,2,50,9.4
2022,2022 Marcus Morris Sr.,54,186,3.4,186,50,-6.6,9.5,54,515,504,51.1,0.9,3.9,212,230,46.1,5.4
2022,2022 Marcus Smart,71,346,4.9,318,54.4,-2.2,5.2,71,372,398,46.7,-3.5,0.3,18,41,22,-18.7
2022,2022 Markelle Fultz,18,112,6.2,102,54.9,-1.7,3.2,18,58,70,41.4,-8.8,2.6,46,56,41.1,0.4
2022,2022 Markieff Morris,17,52,3.1,40,65,8.4,4.1,17,69,74,46.6,-3.6,1.8,30,35,42.9,2.2
2022,2022 Marko Simonovic,9,6,0.7,8,37.5,-19.1,0.3,9,3,7,21.4,-28.8,0,0,2,0,-40.6
2022,2022 Markus Howard,31,16,0.5,21,38.1,-18.5,2.9,31,90,80,56.3,6,0.2,6,10,30,-10.6
2022,2022 Marquese Chriss,34,104,3.1,106,49.1,-7.6,0.8,34,28,27,51.9,1.6,0.1,4,3,66.7,26
2022,2022 Marvin Bagley III,48,384,8,317,60.6,3.9,1.9,48,89,128,34.8,-15.4,0.4,20,32,31.3,-9.4
2022,2022 Mason Jones,4,12,3,10,60,3.4,0.8,4,3,5,30,-20.2,0,0,1,0,-40.6
2022,2022 Mason Plumlee,73,404,5.5,312,64.7,8.1,0.1,73,6,7,42.9,-7.4,0.1,6,6,50,9.4
2022,2022 Matisse Thybulle,66,210,3.2,151,69.5,12.9,2.0,66,135,149,45.3,-4.9,0,0,5,0,-40.6
2022,2022 Matt Mooney,1,0,0,0,0,0,0.0,1,0,1,0,-50.2,0,0,0,0,0
2022,2022 Matt Ryan,1,0,0,0,0,0,3.0,1,3,5,30,-20.2,0,0,0,0,0
2022,2022 Matt Thomas,40,2,0.1,8,12.5,-44.1,3.6,40,143,126,56.7,6.5,1,38,35,54.3,13.6
2022,2022 Maurice Harkless,47,102,2.2,76,67.1,10.5,2.0,47,95,105,45.2,-5,0,2,4,25,-15.6
2022,2022 Max Strus,68,128,1.9,110,58.2,1.6,8.1,68,551,453,60.8,10.6,0.1,8,12,33.3,-7.3
2022,2022 Maxi Kleber,59,110,1.9,84,65.5,8.8,4.3,59,255,269,47.4,-2.8,0.1,6,15,20,-20.6
2022,2022 McKinley Wright IV,5,2,0.4,1,100,43.4,0.6,5,3,2,75,24.8,0,0,0,0,0
2022,2022 Melvin Frazier,3,24,8,27,44.4,-12.2,1.0,3,3,21,7.1,-43.1,0,0,1,0,-40.6
2022,2022 Micah Potter,3,8,2.7,8,50,-6.6,0.7,3,2,3,33.3,-16.9,0.7,2,1,100,59.4
2022,2022 Michael Porter Jr.,9,34,3.8,33,51.5,-5.1,5.6,9,50,70,35.7,-14.5,2.2,20,22,45.5,4.8
2022,2022 Mikal Bridges,82,606,7.4,440,68.9,12.2,5.2,82,425,418,50.8,0.6,1,80,106,37.7,-2.9
2022,2022 Mike Conley,72,322,4.5,336,47.9,-8.7,7.4,72,535,454,58.9,8.7,0.4,28,41,34.1,-6.5
2022,2022 Mike Muscala,43,68,1.6,57,59.6,3,5.3,43,228,191,59.7,9.5,0.4,18,28,32.1,-8.5
2022,2022 Miles Bridges,80,840,10.5,689,61,4.3,6.3,80,505,519,48.7,-1.6,0.6,46,61,37.7,-2.9
2022,2022 Miles McBride,40,22,0.6,26,42.3,-14.3,1.5,40,58,82,35.4,-14.8,0.3,10,15,33.3,-7.3
2022,2022 Mitchell Robinson,72,522,7.3,343,76.1,19.5,0.0,72,0,0,0,0,0,0,0,0,0
2022,2022 Miye Oni,16,2,0.1,1,100,43.4,0.2,16,3,8,18.8,-31.5,0,0,0,0,0
2022,2022 Mo Bamba,71,340,4.8,272,62.5,5.9,5.1,71,359,345,52,1.8,0.5,38,64,29.7,-11
2022,2022 Monte Morris,75,316,4.2,265,59.6,3,7.4,75,556,508,54.7,4.5,2.5,184,194,47.4,6.8
2022,2022 Montrezl Harrell,71,668,9.4,486,68.7,12.1,0.7,71,52,67,38.8,-11.4,0.6,40,52,38.5,-2.2
2022,2022 Moritz Wagner,63,262,4.2,190,68.9,12.3,3.1,63,198,206,48.1,-2.2,0,0,6,0,-40.6
2022,2022 Moses Brown,40,128,3.2,106,60.4,3.8,0.0,40,0,2,0,-50.2,0,0,2,0,-40.6
2022,2022 Moses Moody,52,70,1.3,59,59.3,2.7,2.5,52,130,124,52.4,2.2,0.2,10,14,35.7,-4.9
2022,2022 Moses Wright,4,2,0.5,2,50,-6.6,0.0,4,0,2,0,-50.2,0,0,1,0,-40.6
2022,2022 Mychal Mulder,17,12,0.7,19,31.6,-25,3.1,17,53,58,45.7,-4.5,0.1,2,4,25,-15.6
2022,2022 Myles Powell,11,8,0.7,9,44.4,-12.2,0.3,11,3,8,18.8,-31.5,0,0,2,0,-40.6
2022,2022 Myles Turner,42,260,6.2,193,67.4,10.7,4.8,42,201,200,50.3,0,0.4,18,17,52.9,12.3
2022,2022 Naji Marshall,55,170,3.1,149,57,0.4,1.3,55,69,120,28.8,-21.5,0.1,6,16,18.8,-21.9
2022,2022 Nassir Little,42,168,4,137,61.3,4.7,4.1,42,173,178,48.6,-1.6,0.5,20,24,41.7,1
2022,2022 Nate Hinton,2,0,0,1,0,-56.6,0.0,2,0,0,0,0,0,0,0,0,0
2022,2022 Nathan Knight,37,82,2.2,75,54.7,-2,0.3,37,12,13,46.2,-4.1,0,0,0,0,0
2022,2022 Naz Reid,77,352,4.6,308,57.1,0.5,2.2,77,171,168,50.9,0.7,0,0,2,0,-40.6
2022,2022 Neemias Queta,15,34,2.3,31,54.8,-1.8,0.0,15,0,7,0,-50.2,0,0,7,0,-40.6
2022,2022 Nemanja Bjelica,71,198,2.8,178,55.6,-1,2.5,71,176,164,53.7,3.4,0.2,14,15,46.7,6
2022,2022 Nerlens Noel,25,56,2.2,50,56,-0.6,0.3,25,8,9,44.4,-5.8,0.3,8,7,57.1,16.5
2022,2022 Nic Claxton,47,354,7.5,262,67.6,10.9,0.0,47,2,2,50,-0.2,0,2,2,50,9.4
2022,2022 Nick Richards,50,116,2.3,88,65.9,9.3,0.1,50,4,2,100,49.8,0.1,4,2,100,59.4
2022,2022 Nickeil Alexander-Walker,65,256,3.9,273,46.9,-9.7,5.4,65,353,405,43.6,-6.6,0.7,44,72,30.6,-10.1
2022,2022 Nicolas Batum,59,92,1.6,66,69.7,13.1,6.3,59,374,321,58.3,8,0.8,50,51,49,8.4
2022,2022 Nik Stauskas,8,0,0,1,0,-56.6,1.8,8,14,13,53.8,3.6,0.3,2,3,33.3,-7.3
2022,2022 Nikola Jokic,74,1198,16.2,896,66.9,10.2,5.8,74,427,412,51.8,1.6,1.8,136,127,53.5,12.9
2022,2022 Nikola Vucevic,73,696,9.5,587,59.3,2.7,6.8,73,500,565,44.2,-6,2.6,188,237,39.7,-1
2022,2022 Norman Powell,45,270,6,271,49.8,-6.8,8.7,45,393,334,58.8,8.6,1.7,78,82,47.6,6.9
2022,2022 Norvel Pelle,3,6,2,5,60,3.4,0.0,3,0,0,0,0,0,0,0,0,0
2022,2022 Obi Toppin,72,392,5.4,291,67.4,10.7,2.2,72,161,181,44.5,-5.7,0.1,8,16,25,-15.6
2022,2022 OG Anunoby,48,328,6.8,290,56.6,-0.1,8.4,48,405,407,49.8,-0.5,1.3,60,91,33,-7.7
2022,2022 Olivier Sarr,22,80,3.6,65,61.5,4.9,2.2,22,49,36,68.1,17.8,0.5,10,7,71.4,30.8
2022,2022 Omer Yurtseven,56,248,4.4,215,57.7,1,0.2,56,13,32,20.3,-29.9,0.2,10,21,23.8,-16.8
2022,2022 Onyeka Okongwu,48,312,6.5,225,69.3,12.7,0.0,48,0,1,0,-50.2,0,0,1,0,-40.6
2022,2022 Oshae Brissett,67,242,3.6,248,48.8,-7.8,3.8,67,257,256,50.2,0,0.1,8,21,19,-21.6
2022,2022 Otto Porter Jr.,63,176,2.8,144,61.1,4.5,4.6,63,289,272,53.1,2.9,0.8,52,59,44.1,3.4
2022,2022 P.J. Dozier,18,28,1.6,32,43.8,-12.9,3.3,18,59,67,44,-6.2,0.8,14,19,36.8,-3.8
2022,2022 P.J. Tucker,71,232,3.3,207,56,-0.6,3.7,71,262,221,59.3,9.1,0.3,22,29,37.9,-2.7
2022,2022 P.J. Washington,65,276,4.2,224,61.6,5,5.1,65,334,305,54.8,4.5,0.1,4,7,28.6,-12.1
2022,2022 Paris Bass,2,4,2,4,50,-6.6,0.0,2,0,2,0,-50.2,0,0,0,0,0
2022,2022 Pascal Siakam,68,888,13.1,774,57.4,0.7,5.6,68,379,432,43.9,-6.3,2.3,154,215,35.8,-4.8
2022,2022 Pat Connaughton,65,152,2.3,114,66.7,10,6.9,65,448,381,58.8,8.6,0.2,10,12,41.7,1
2022,2022 Patrick Beverley,58,170,2.9,170,50,-6.6,4.6,58,267,265,50.4,0.2,0.3,18,24,37.5,-3.1
2022,2022 Patrick Williams,17,56,3.3,47,59.6,2.9,3.9,17,67,55,60.9,10.7,1.3,22,26,42.3,1.7
2022,2022 Patty Mills,81,98,1.2,91,53.8,-2.8,9.6,81,777,700,55.5,5.3,1.2,96,135,35.6,-5.1
2022,2022 Paul George,31,206,6.6,205,50.2,-6.4,13.6,31,421,431,48.8,-1.4,4.8,148,174,42.5,1.9
2022,2022 Paul Millsap,33,68,2.1,67,50.7,-5.9,0.9,33,30,48,31.3,-19,0.2,6,13,23.1,-17.6
2022,2022 Paul Reed,38,102,2.7,84,60.7,4.1,0.2,38,8,11,36.4,-13.8,0.1,2,4,25,-15.6
2022,2022 Paul Watson,9,12,1.3,9,66.7,10,2.0,9,18,26,34.6,-15.6,0,0,0,0,0
2022,2022 Payton Pritchard,71,68,1,74,45.9,-10.7,5.0,71,352,299,58.9,8.7,0.7,52,55,47.3,6.6
2022,2022 Petr Cornelie,13,8,0.6,6,66.7,10,0.2,13,3,9,16.7,-33.5,0,0,1,0,-40.6
2022,2022 Precious Achiuwa,73,388,5.3,387,50.1,-6.5,2.7,73,198,216,45.8,-4.4,0.4,30,61,24.6,-16.1
2022,2022 Quentin Grimes,46,30,0.7,27,55.6,-1.1,5.0,46,232,208,55.8,5.6,0.3,16,19,42.1,1.5
2022,2022 Quinndary Weatherspoon,11,22,2,16,68.8,12.1,0.3,11,3,5,30,-20.2,0,0,0,0,0
2022,2022 R.J. Hampton,64,208,3.3,243,42.8,-13.8,3.2,64,206,213,48.4,-1.9,0.2,14,32,21.9,-18.8
2022,2022 Rajon Rondo,39,68,1.7,78,43.6,-13,2.5,39,99,98,50.5,0.3,0.2,6,11,27.3,-13.4
2022,2022 Raul Neto,70,290,4.1,284,51.1,-5.6,2.2,70,153,155,49.4,-0.9,0.7,48,37,64.9,24.2
2022,2022 Rayjon Tucker,5,4,0.8,2,100,43.4,2.4,5,12,7,85.7,35.5,0,0,2,0,-40.6
2022,2022 Reggie Bullock,68,86,1.3,78,55.1,-1.5,6.7,68,456,423,53.9,3.7,0.5,36,33,54.5,13.9
2022,2022 Reggie Jackson,75,488,6.5,482,50.6,-6,8.5,75,637,738,43.2,-7.1,1.8,136,228,29.8,-10.8
2022,2022 Reggie Perry,10,64,6.4,54,59.3,2.6,1.9,10,19,25,38,-12.2,1,10,9,55.6,14.9
2022,2022 Richaun Holmes,45,378,8.4,282,67,10.4,0.4,45,20,18,55.6,5.3,0.3,14,13,53.8,13.2
2022,2022 Ricky Rubio,34,130,3.8,165,39.4,-17.2,6.7,34,227,244,46.5,-3.7,1.5,50,73,34.2,-6.4
2022,2022 RJ Barrett,70,642,9.2,698,46,-10.6,6.7,70,469,495,47.4,-2.8,0.8,58,93,31.2,-9.5
2022,2022 RJ Nembhard Jr.,14,12,0.9,13,46.2,-10.5,0.0,14,0,5,0,-50.2,0,0,3,0,-40.6
2022,2022 Rob Edwards,2,0,0,0,0,0,1.5,2,3,4,37.5,-12.7,0,0,0,0,0
2022,2022 Robert Covington,71,152,2.1,143,53.1,-3.5,5.5,71,394,355,55.5,5.3,0.1,10,16,31.3,-9.4
2022,2022 Robert Williams III,61,534,8.8,357,74.8,18.2,0.1,61,8,11,36.4,-13.8,0.1,8,10,40,-0.6
2022,2022 Robert Woodard II,12,2,0.2,9,11.1,-45.5,0.3,12,3,7,21.4,-28.8,0,0,3,0,-40.6
2022,2022 Robin Lopez,36,210,5.8,176,59.7,3,0.3,36,12,22,27.3,-22.9,0.2,6,17,17.6,-23
2022,2022 Rodney Hood,52,38,0.7,34,55.9,-0.7,2.1,52,107,123,43.5,-6.7,0.4,20,34,29.4,-11.2
2022,2022 Rodney McGruder,51,66,1.3,65,50.8,-5.9,3.7,51,188,159,59.1,8.9,0.3,14,14,50,9.4
2022,2022 Romeo Langford,48,94,2,90,52.2,-4.4,2.1,48,101,100,50.5,0.3,0.3,14,16,43.8,3.1
2022,2022 Royce O'Neale,77,166,2.2,133,62.4,5.8,4.7,77,359,310,57.9,7.7,0,2,5,20,-20.6
2022,2022 Rudy Gay,55,126,2.3,121,52.1,-4.6,4.7,55,258,258,50,-0.2,0.9,48,55,43.6,3
2022,2022 Rudy Gobert,66,724,11,503,72,15.3,0.0,66,0,3,0,-50.2,0,0,1,0,-40.6
2022,2022 Rui Hachimura,42,192,4.6,155,61.9,5.3,5.6,42,237,226,52.4,2.2,1.7,72,103,35,-5.7
2022,2022 Russell Westbrook,78,764,9.8,741,51.6,-5.1,5.3,78,411,492,41.8,-8.4,2.2,174,227,38.3,-2.3
2022,2022 Ryan Arcidiacono,10,4,0.4,2,100,43.4,1.2,10,12,10,60,9.8,0,0,1,0,-40.6
2022,2022 Saben Lee,37,108,2.9,111,48.6,-8,1.2,37,44,66,33.3,-16.9,0.1,2,6,16.7,-24
2022,2022 Saddiq Bey,82,376,4.6,392,48,-8.7,9.0,82,735,735,50,-0.2,1.2,102,134,38.1,-2.6
2022,2022 Sam Dekker,1,0,0,0,0,0,0.0,1,0,0,0,0,0,0,0,0,0
2022,2022 Sam Hauser,26,8,0.3,6,66.7,10,2.2,26,57,44,64.8,14.6,0,0,0,0,0
2022,2022 Sam Merrill,6,2,0.3,1,100,43.4,3.5,6,21,23,45.7,-4.6,0,0,0,0,0
2022,2022 Sandro Mamukelashvili,41,68,1.7,60,56.7,0,1.7,41,68,55,61.8,11.6,0,2,3,33.3,-7.3
2022,2022 Santi Aldama,32,92,2.9,81,56.8,0.2,0.6,32,20,51,19.6,-30.6,0.1,2,3,33.3,-7.3
2022,2022 Scottie Barnes,74,678,9.2,588,57.7,1,4.0,74,294,340,43.2,-7,1.7,126,154,40.9,0.3
2022,2022 Scottie Lewis,2,0,0,0,0,0,0.0,2,0,0,0,0,0,0,0,0,0
2022,2022 Scotty Hopson,1,0,0,1,0,-56.6,4.0,1,4,3,66.7,16.5,4,4,2,100,59.4
2022,2022 Sekou Doumbouya,2,8,4,6,66.7,10,1.5,2,3,2,75,24.8,0,0,0,0,0
2022,2022 Semi Ojeleye,30,26,0.9,42,31,-25.7,1.6,30,49,56,43.8,-6.5,0.1,4,7,28.6,-12.1
2022,2022 Serge Ibaka,54,182,3.4,147,61.9,5.3,2.8,54,151,149,50.7,0.5,0.7,40,50,40,-0.6
2022,2022 Seth Curry,64,160,2.5,136,58.8,2.2,11.2,64,718,603,59.5,9.3,3.8,244,230,53,12.4
2022,2022 Shai Gilgeous-Alexander,56,672,12,636,52.8,-3.8,6.6,56,371,416,44.6,-5.6,1.9,104,119,43.7,3.1
2022,2022 Shake Milton,55,228,4.1,218,52.3,-4.3,2.9,55,161,184,43.8,-6.5,0.6,32,53,30.2,-10.5
2022,2022 Shaq Buchanan,2,2,1,2,50,-6.6,0.0,2,0,2,0,-50.2,0,0,0,0,0
2022,2022 Shaquille Harrison,2,4,2,4,50,-6.6,0.0,2,0,2,0,-50.2,0,0,0,0,0
2022,2022 Sharife Cooper,13,4,0.3,8,25,-31.6,0.2,13,3,6,25,-25.2,0,0,0,0,0
2022,2022 Skylar Mays,28,42,1.5,35,60,3.4,1.1,28,30,29,51.7,1.5,0.2,6,4,75,34.4
2022,2022 Solomon Hill,13,2,0.2,7,14.3,-42.3,0.5,13,6,12,25,-25.2,0,0,0,0,0
2022,2022 Spencer Dinwiddie,67,326,4.9,325,50.2,-6.5,5.9,67,398,409,48.7,-1.6,0.9,62,80,38.8,-1.9
2022,2022 Stanley Johnson,48,150,3.1,129,58.1,1.5,2.4,48,117,122,48,-2.3,0.4,18,18,50,9.4
2022,2022 Stephen Curry,64,382,6,341,56,-0.6,15.2,64,973,878,55.4,5.2,1.8,118,134,44,3.4
2022,2022 Sterling Brown,49,52,1.1,52,50,-6.6,1.9,49,94,102,46.1,-4.1,0.2,10,12,41.7,1
2022,2022 Steven Adams,76,414,5.4,374,55.3,-1.3,0.1,76,6,9,33.3,-16.9,0.1,6,9,33.3,-7.3
2022,2022 Svi Mykhailiuk,56,86,1.5,80,53.8,-2.9,2.4,56,137,154,44.5,-5.7,0.3,14,21,33.3,-7.3
2022,2022 T.J. McConnell,27,152,5.6,136,55.9,-0.7,2.1,27,58,70,41.4,-8.8,1,28,39,35.9,-4.7
2022,2022 Tacko Fall,11,10,0.9,12,41.7,-15,0.0,11,0,0,0,0,0,0,0,0,0
2022,2022 Taj Gibson,52,122,2.3,100,61,4.4,1.3,52,65,66,49.2,-1,0.4,20,28,35.7,-4.9
2022,2022 Talen Horton-Tucker,60,308,5.1,292,52.7,-3.9,3.2,60,189,246,38.4,-11.8,0.7,42,65,32.3,-8.3
2022,2022 Taurean Prince,69,150,2.2,128,58.6,2,4.2,69,288,260,55.4,5.2,0.5,36,37,48.6,8
2022,2022 Terance Mann,81,448,5.5,381,58.8,2.2,3.7,81,296,305,48.5,-1.7,0.8,68,101,33.7,-7
2022,2022 Terence Davis,30,114,3.8,102,55.9,-0.7,5.4,30,161,164,49.1,-1.1,0.5,14,16,43.8,3.1
2022,2022 Terrence Ross,63,178,2.8,158,56.3,-0.3,5.4,63,339,392,43.2,-7,1.7,108,133,40.6,0
2022,2022 Terry Rozier,73,472,6.5,444,53.2,-3.5,10.8,73,786,720,54.6,4.4,1.6,120,131,45.8,5.2
2022,2022 Terry Taylor,33,238,7.2,174,68.4,11.8,1.3,33,44,45,48.9,-1.3,0.2,8,8,50,9.4
2022,2022 Thaddeus Young,52,238,4.6,211,56.4,-0.2,1.2,52,61,61,50,-0.2,0.2,10,13,38.5,-2.2
2022,2022 Thanasis Antetokounmpo,48,132,2.8,109,60.6,3.9,0.2,48,10,18,27.8,-22.4,0.1,4,5,40,-0.6
2022,2022 Theo Maledon,51,142,2.8,154,46.1,-10.5,2.7,51,140,163,42.9,-7.3,0.2,8,13,30.8,-9.9
2022,2022 Theo Pinson,19,4,0.2,6,33.3,-23.3,1.8,19,34,33,51.5,1.3,0.2,4,3,66.7,26
2022,2022 Thomas Bryant,27,110,4.1,83,66.3,9.6,2.1,27,56,65,43.1,-7.1,0.7,20,23,43.5,2.8
2022,2022 Tim Frazier,12,10,0.8,14,35.7,-20.9,2.0,12,24,31,38.7,-11.5,0.5,6,14,21.4,-19.2
2022,2022 Tim Hardaway Jr.,42,116,2.8,110,52.7,-3.9,9.6,42,402,416,48.3,-1.9,2.4,102,119,42.9,2.2
2022,2022 Timothe Luwawu-Cabarrot,52,56,1.1,58,48.3,-8.4,2.6,52,136,128,53.1,2.9,0.1,4,6,33.3,-7.3
2022,2022 Tobias Harris,73,682,9.3,621,54.9,-1.7,5.5,73,404,400,50.5,0.3,1.4,104,127,40.9,0.3
2022,2022 Tomas Satoransky,55,98,1.8,105,46.7,-10,1.0,55,57,83,34.3,-15.9,0.4,24,33,36.4,-4.3
2022,2022 Tony Bradley,55,132,2.4,111,59.5,2.8,0.2,55,12,12,50,-0.2,0.2,12,12,50,9.4
2022,2022 Tony Snell,53,40,0.8,36,55.6,-1.1,2.7,53,143,135,53,2.8,0.2,8,8,50,9.4
2022,2022 Torrey Craig,78,226,2.9,175,64.6,7.9,3.2,78,251,264,47.5,-2.7,0.3,20,32,31.3,-9.4
2022,2022 Trae Young,76,676,8.9,669,50.5,-6.1,12.9,76,979,874,56,5.8,3.7,280,265,52.8,12.2
2022,2022 Trayvon Palmer,1,0,0,1,0,-56.6,0.0,1,0,0,0,0,0,0,0,0,0
2022,2022 Tre Jones,69,270,3.9,248,54.4,-2.2,1.0,69,72,88,40.9,-9.3,0.6,42,40,52.5,11.9
2022,2022 Tre Mann,60,216,3.6,244,44.3,-12.4,5.7,60,344,340,50.6,0.4,0.8,50,72,34.7,-5.9
2022,2022 Tremont Waters,3,2,0.7,3,33.3,-23.3,2.7,3,8,11,36.4,-13.8,0.7,2,2,50,9.4
2022,2022 Trendon Watford,48,260,5.4,217,59.9,3.3,0.7,48,33,50,33,-17.2,0.1,6,12,25,-15.6
2022,2022 Trent Forrest,60,132,2.2,118,55.9,-0.7,0.4,60,25,35,35.7,-14.5,0.2,10,10,50,9.4
2022,2022 Trevelin Queen,10,12,1.2,9,66.7,10,2.7,10,27,24,56.3,6,0,0,0,0,0
2022,2022 Trevon Scott,2,6,3,5,60,3.4,0.0,2,0,1,0,-50.2,0,0,0,0,0
2022,2022 Trevor Ariza,24,26,1.1,24,54.2,-2.5,2.5,24,60,75,40,-10.2,0,0,1,0,-40.6
2022,2022 Trey Burke,42,68,1.6,69,49.3,-7.4,3.0,42,126,146,43.2,-7.1,1.1,48,64,37.5,-3.1
2022,2022 Trey Lyles,75,360,4.8,307,58.6,2,3.1,75,231,254,45.5,-4.7,0.4,30,46,32.6,-8
2022,2022 Trey Murphy III,62,72,1.2,80,45,-11.6,3.5,62,217,196,55.4,5.1,0.1,4,11,18.2,-22.5
2022,2022 Tristan Thompson,57,276,4.8,260,53.1,-3.5,0.1,57,7,5,70,19.8,0.1,4,4,50,9.4
2022,2022 Troy Brown Jr.,66,110,1.7,108,50.9,-5.7,2.3,66,152,148,51.4,1.1,0.2,14,18,38.9,-1.8
2022,2022 Ty Jerome,48,126,2.6,126,50,-6.6,3.7,48,176,201,43.8,-6.4,0.3,14,16,43.8,3.1
2022,2022 Tyler Cook,20,46,2.3,38,60.5,3.9,0.0,20,0,0,0,0,0,0,0,0,0
2022,2022 Tyler Hall,1,0,0,0,0,0,0.0,1,0,0,0,0,0,0,0,0,0
2022,2022 Tyler Herro,66,442,6.7,416,53.1,-3.5,11.1,66,735,701,52.4,2.2,3.2,210,268,39.2,-1.5
2022,2022 Tyler Johnson,6,0,0,0,0,0,2.8,6,17,20,42.5,-7.7,0.3,2,7,14.3,-26.4
2022,2022 Tyrell Terry,2,0,0,0,0,0,1.0,2,2,1,100,49.8,1,2,1,100,59.4
2022,2022 Tyrese Haliburton,77,378,4.9,353,53.5,-3.1,8.4,77,643,547,58.8,8.6,2.1,160,167,47.9,7.3
2022,2022 Tyrese Maxey,75,570,7.6,526,54.2,-2.4,7.0,75,527,467,56.4,6.2,1.8,134,163,41.1,0.5
2022,2022 Tyrone Wallace,6,10,1.7,11,45.5,-11.2,0.8,6,5,9,27.8,-22.4,0.3,2,2,50,9.4
2022,2022 Tyus Jones,73,272,3.7,269,50.6,-6.1,4.2,73,306,283,54.1,3.9,0.9,66,80,41.3,0.6
2022,2022 Udoka Azubuike,17,74,4.4,49,75.5,18.9,0.0,17,0,0,0,0,0,0,0,0,0
2022,2022 Udonis Haslem,13,18,1.4,18,50,-6.6,0.8,13,11,13,42.3,-7.9,0.6,8,9,44.4,3.8
2022,2022 Usman Garuba,24,28,1.2,24,58.3,1.7,0.6,24,15,20,37.5,-12.7,0,0,0,0,0
2022,2022 Vernon Carey Jr.,7,12,1.7,9,66.7,10,0.3,7,2,4,25,-25.2,0.3,2,4,25,-15.6
2022,2022 Victor Oladipo,8,30,3.8,27,55.6,-1.1,6.9,8,55,45,61.1,10.9,1.3,10,10,50,9.4
2022,2022 Vit Krejci,30,66,2.2,62,53.2,-3.4,3.4,30,102,104,49,-1.2,0.2,6,7,42.9,2.2
2022,2022 Vlatko Cancar,15,32,2.1,27,59.3,2.6,1.4,15,21,14,75,24.8,0,0,2,0,-40.6
2022,2022 Wayne Ellington,43,28,0.7,19,73.7,17.1,5.8,43,250,218,57.3,7.1,0.1,4,7,28.6,-12.1
2022,2022 Wayne Selden,3,0,0,2,0,-56.6,1.0,3,3,2,75,24.8,0,0,0,0,0
2022,2022 Wendell Carter Jr.,62,502,8.1,393,63.9,7.2,4.6,62,286,290,49.3,-0.9,1.2,76,77,49.4,8.7
2022,2022 Wenyen Gabriel,26,92,3.5,80,57.5,0.9,0.9,26,24,30,40,-10.2,0,0,2,0,-40.6
2022,2022 Wes Iwundu,3,4,1.3,7,28.6,-28.1,5.0,3,15,11,68.2,18,2,6,6,50,9.4
2022,2022 Wesley Matthews,49,68,1.4,60,56.7,0,3.2,49,159,160,49.7,-0.5,0,0,3,0,-40.6
2022,2022 Will Barton,71,392,5.5,357,54.9,-1.7,7.7,71,549,538,51,0.8,1.1,78,109,35.8,-4.9
2022,2022 Willie Cauley-Stein,20,30,1.5,31,48.4,-8.2,0.2,20,3,4,37.5,-12.7,0,0,2,0,-40.6
2022,2022 Willy Hernangomez,50,328,6.6,306,53.6,-3,0.3,50,16,20,40,-10.2,0.1,4,9,22.2,-18.4
2022,2022 Xavier Moon,10,8,0.8,11,36.4,-20.3,4.7,10,47,40,58.8,8.5,3.2,32,26,61.5,20.9
2022,2022 Xavier Sneed,9,2,0.2,2,50,-6.6,0.3,9,3,8,18.8,-31.5,0,0,0,0,0
2022,2022 Xavier Tillman Sr.,53,168,3.2,151,55.6,-1,0.7,53,38,65,29.2,-21,0.2,8,16,25,-15.6
2022,2022 Yuta Watanabe,38,44,1.2,47,46.8,-9.8,2.5,38,95,91,52.2,2,0.4,14,12,58.3,17.7
2022,2022 Yves Pons,12,4,0.3,7,28.6,-28.1,0.8,12,9,9,50,-0.2,0,0,0,0,0
2022,2022 Zach Collins,28,104,3.7,94,55.3,-1.3,2.2,28,62,61,50.8,0.6,0.7,20,20,50,9.4
2022,2022 Zach LaVine,67,558,8.3,464,60.1,3.5,11.3,67,757,722,52.4,2.2,3,202,247,40.9,0.2
2022,2022 Zavier Simpson,4,36,9,39,46.2,-10.5,0.8,4,3,13,11.5,-38.7,0,0,5,0,-40.6
2022,2022 Zeke Nnaji,41,110,2.7,94,58.5,1.9,2.9,41,119,92,64.7,14.5,0.2,8,12,33.3,-7.3
2022,2022 Ziaire Williams,62,182,2.9,135,67.4,10.8,4.5,62,276,287,48.1,-2.1,0.8,48,49,49,8.3
2022,2022 Zylan Cheatham,1,0,0,1,0,-56.6,0.0,1,0,2,0,-50.2,0,0,0,0,0